country,risk_score
Brazil,39.0385591328835
Colombia,70.42085370841421
Mexico,59.35812420443929
Peru,23.164128608748882
